{
  "dependencies": {
    "secrets1": {
      "type": "secrets.user"
    },
    "mssql1": {
      "secretStore": "LocalSecretsFile",
      "resourceId": "/subscriptions/[parameters('subscriptionId')]/resourceGroups/[parameters('resourceGroupName')]/providers/Microsoft.Sql/servers/registryserverdb/databases/registryAltenDatabase",
      "type": "mssql.azure",
      "connectionId": "ConnectionStrings:DbConn",
      "dynamicId": null
    },
    "identityapp1": {
      "ignored": "true",
      "type": "identityapp"
    }
  }
}